borough,developmen,tds_num,Latitude,Longitude,scores_SCORE,NYCHA-data_CONSOLIDATED TDS#,NYCHA-data_NUMBER OF CURRENT APARTMENTS,NYCHA-data_TOTAL NUMBER OF APARTMENTS,NYCHA-data_NUMBER OF RENTAL ROOMS,NYCHA-data_AVG NO R/R PER APARTMENT,NYCHA-data_POPULATION PUBLIC HOUSING,NYCHA_data_TOTALPOPULATION,NYCHA-data_TOTAL # OF FIXED INCOME HOUSEHOLD,NYCHA-data_PERCENT FIXED INCOME HOUSEHOLDS,NYCHA-data_NUMBER OF RESIDENTIAL BLDGS,NYCHA-data_NUMBER OF NON-RESIDENTIAL BLDGS,NYCHA-data_PER RENTAL ROOM,NYCHA-data_AVG MONTHLY GROSS RENT
BRONX,1010 EAST 178TH STREET,180,40.840796,-73.880297,0.698244565854167,180,218,220,918.0,4.21,450,450,89,0.418,1,0,"$5,341.00",$503.00
BROOKLYN,104-14 TAPSCOTT STREET,242,40.665087,-73.9206,0.634043633121212,167,30,30,131.0,4.37,65,65,5,0.172,1,0,"$6,505.00",$643.00
BRONX,1162-1176 WASHINGTON AVENUE,233,40.829969,-73.907259,0.7070884544,308,65,66,293.5,4.52,170,170,21,0.328,1,0,"$7,302.00",$440.00
MANHATTAN,131 SAINT NICHOLAS AVENUE,154,40.804113,-73.953244,0.890579018694444,97,98,100,386.0,3.94,165,165,41,0.427,1,0,"$4,694.00",$529.00
BRONX,1471 WATSON AVENUE,214,40.826136,-73.88108,0.821089310333333,67,96,96,386.0,4.02,156,156,47,0.505,1,0,"$5,814.00",$452.00
MANHATTAN,154 WEST 84TH STREET,359,40.785853,-73.975341,0.644324136074074,359,35,35,157.5,4.5,74,74,7,0.2,1,0,"$28,412.00",$644.00
BROOKLYN,303 VERNON AVENUE,156,40.696112,-73.939525,0.635748768566667,73,234,234,"1,101.0",4.71,541,541,100,0.431,1,0,"$4,272.00",$511.00
MANHATTAN,335 EAST 111TH STREET,203,40.793221,-73.938141,0.681731612351852,64,66,66,259.0,3.92,114,114,33,0.5,1,0,"$4,651.00",$482.00
MANHATTAN,344 EAST 28TH STREET,185,40.739948,-73.976987,0.569675612833333,153,225,225,985.5,4.38,281,427,111,0.502,1,0,"$5,053.00",$516.00
MANHATTAN,45 ALLEN STREET,265,40.716719,-73.992267,0.585162757956522,100,107,107,537.5,5.02,237,237,46,0.442,1,1,"$7,981.00",$687.00
MANHATTAN,830 AMSTERDAM AVENUE,150,40.797054,-73.968728,0.743174558119048,82,158,159,724.0,4.58,351,351,63,0.404,1,0,"$4,992.00",$492.00
BRONX,ADAMS,118,40.816611,-73.90565,0.636307678430556,118,924,925,"4,306.0",4.66,"2,310","2,310",335,0.364,7,0,"$4,149.00",$497.00
BROOKLYN,ALBANY,31,40.673647,-73.937623,0.636049048315789,31,823,829,"3,777.5",4.59,"1,886","1,886",267,0.327,6,0,"$2,356.00",$565.00
BROOKLYN,ALBANY II,85,40.674861,-73.937505,0.637552661857143,31,400,400,"1,848.0",4.62,985,985,130,0.331,3,0,"$2,540.00",$542.00
MANHATTAN,AMSTERDAM,22,40.773051,-73.987338,0.560905164416667,22,"1,084","1,084","5,129.0",4.73,"2,270","2,270",468,0.435,13,0,"$2,391.00",$544.00
MANHATTAN,AMSTERDAM ADDITION,187,40.774661,-73.987003,0.693042001666667,22,175,175,762.5,4.36,287,353,97,0.557,1,0,"$9,250.00",$510.00
QUEENS,ASTORIA,26,40.773602,-73.934951,0.0791752723333332,26,"1,104","1,104","5,607.0",5.08,"3,032","3,032",366,0.333,22,1,"$2,519.00",$593.00
BROOKLYN,ATLANTIC TERMINAL SITE 4B,256,40.682932,-73.970162,0.466355834,163,299,300,"1,237.5",4.14,582,582,121,0.41,1,0,"$8,489.00",$562.00
MANHATTAN,AUDUBON,125,40.831062,-73.942853,0.5725502694,3,167,168,826.5,4.95,446,446,64,0.388,1,0,"$3,382.00",$578.00
BRONX,BAILEY AVENUE-WEST 193RD STREET,202,40.869943,-73.906697,0.537971500611111,197,232,233,976.0,4.21,455,455,89,0.387,1,0,"$8,173.00",$493.00
BRONX,EASTCHESTER GARDENS,34,40.870299,-73.852252,0.370380906277778,34,877,877,"4,249.5",4.85,"2,051","2,051",323,0.371,10,0,"$2,244.00",$551.00
QUEENS,BAISLEY PARK,91,40.685219,-73.783403,0,91,381,386,"1,779.5",4.67,947,947,143,0.377,5,1,"$3,246.00",$548.00
MANHATTAN,BARUCH,60,40.717441,-73.977787,0.514688381875,60,"2,193","2,194","10,240.5",4.67,"4,872","4,872",962,0.445,17,1,"$3,553.00",$534.00
MANHATTAN,BARUCH HOUSES ADDITION,198,40.717066,-73.979179,0.539719459592593,60,197,197,646.5,3.28,242,242,179,0.923,1,0,"$9,907.00",$302.00
BROOKLYN,BAY VIEW,92,40.633336,-73.885972,1,92,"1,609","1,610","7,310.5",4.54,"2,635","3,506",620,0.388,23,2,"$2,676.00",$529.00
QUEENS,BEACH 41ST STREET-BEACH CHANNEL DRIVE,165,40.597165,-73.772966,1,165,712,712,"3,106.0",4.36,"1,622","1,622",233,0.335,4,1,"$7,988.00",$470.00
BROOKLYN,BEDFORD-STUYVESANT REHAB,311,40.6947,-73.942094,0.741905199285714,73,84,85,381.0,4.54,180,180,29,0.349,3,0,"$13,316.00",$579.00
BROOKLYN,BELMONT-SUTTER AREA,345,40.671291,-73.886687,0.818721841166667,46,72,72,336.0,4.67,189,189,21,0.292,3,0,"$15,993.00",$577.00
STATEN ISLAND,BERRY,52,40.587176,-74.101989,0,52,506,506,"2,129.0",4.21,944,944,220,0.439,8,1,"$2,785.00",$511.00
MANHATTAN,BETHUNE GARDENS,160,40.832169,-73.941756,0.525225193425926,3,210,210,735.0,3.5,260,260,185,0.885,1,0,"$5,007.00",$337.00
QUEENS,BLAND,54,40.757956,-73.83285,0.5733294596,186,399,400,"1,850.5",4.64,863,863,167,0.423,5,0,"$3,205.00",$585.00
BROOKLYN,BORINQUEN PLAZA I,243,40.704531,-73.942667,0.68802505005,243,509,509,"2,359.5",4.64,"1,123","1,123",270,0.539,8,2,"$6,556.00",$539.00
BROOKLYN,BORINQUEN PLAZA II,271,40.705419,-73.940337,0.66910831777193,243,425,425,"2,265.5",5.33,"1,123","1,123",149,0.351,7,0,"$7,244.00",$612.00
BRONX,BOSTON ROAD PLAZA,189,40.862001,-73.865947,0.749376447192982,39,232,235,814.0,3.51,276,276,207,0.892,1,1,"$8,452.00",$368.00
BRONX,BRONX RIVER,32,40.834974,-73.876645,0.347043214875,32,"1,245","1,246","5,942.5",4.77,"2,998","2,998",464,0.375,9,1,"$2,131.00",$512.00
BRONX,BRONX RIVER ADDITION,157,40.833527,-73.876441,0.543374628641026,32,226,226,640.0,2.83,241,241,206,0.928,2,0,"$6,128.00",$290.00
BROOKLYN,BROWN,325,40.672802,-73.913145,0.721904260358974,252,200,200,700.0,3.5,220,220,179,0.904,2,0,"$19,179.00",$368.00
BROOKLYN,BROWNSVILLE,16,40.665717,-73.907869,0.7964360559375,16,"1,336","1,338","6,279.0",4.7,"3,166","3,166",416,0.316,27,0,"$2,054.00",$520.00
BRONX,BRYANT AVENUE-EAST 174TH STREET,235,40.835934,-73.885743,0.834812205472222,530,72,72,284.0,3.94,135,135,33,0.465,1,0,"$7,315.00",$519.00
BROOKLYN,BUSHWICK,86,40.702752,-73.939116,0.70850166972549,86,"1,219","1,220","5,669.5",4.65,"2,288","2,843",499,0.413,8,0,"$3,599.00",$541.00
BRONX,BUTLER,113,40.83599,-73.906675,0.612357708333333,113,"1,476","1,492","7,217.0",4.89,"4,297","4,297",446,0.304,6,1,"$4,068.00",$507.00
MANHATTAN,CAMPOS PLAZA II,286,40.728545,-73.977207,0.651198164357143,337,224,224,"1,088.0",4.86,508,508,105,0.469,2,0,"$16,193.00",$627.00
BRONX,BOSTON SECOR,138,40.882537,-73.833363,0.453262626555556,138,538,538,"2,487.0",4.62,"1,322","1,322",184,0.346,4,2,"$4,778.00",$566.00
BROOKLYN,BOULEVARD,46,40.660489,-73.881309,0.675791529238095,46,"1,424","1,441","5,992.0",4.21,"1,850","2,696",581,0.416,18,0,"$2,247.00",$518.00
BRONX,BOYNTON AVENUE REHAB,346,40.825652,-73.87754,0.884257851981482,32,82,82,367.0,4.48,182,182,29,0.358,3,0,"$13,396.00",$476.00
MANHATTAN,BRACETTI PLAZA,264,40.722225,-73.981022,0.586096018595238,337,108,108,538.0,4.98,257,257,47,0.439,1,0,"$8,008.00",$596.00
BROOKLYN,BREUKELEN,56,40.650958,-73.894416,0.835401459875,56,"1,592","1,595","7,460.0",4.69,"3,476","3,476",539,0.343,30,2,"$2,464.00",$544.00
BROOKLYN,BREVOORT,65,40.680366,-73.923858,0.736747997487179,65,894,896,"4,187.0",4.68,"1,918","1,918",330,0.371,13,1,"$2,849.00",$571.00
BROOKLYN,CAREY GARDENS,166,40.575524,-73.990162,0.874063013703704,166,682,683,"3,095.0",4.54,"1,632","1,632",284,0.419,3,2,"$5,476.00",$486.00
QUEENS,CARLETON MANOR,164,40.591184,-73.799947,1,75,169,174,728.5,4.31,357,357,53,0.315,1,0,"$4,498.00",$506.00
MANHATTAN,CARVER,58,40.790952,-73.950453,0.653030471142857,58,"1,244","1,246","5,761.0",4.63,"2,586","2,586",502,0.41,13,0,"$4,145.00",$590.00
STATEN ISLAND,CASSIDY-LAFAYETTE,206,40.64241,-74.09658,1,117,378,380,"1,248.0",3.3,439,439,323,0.878,4,1,"$5,315.00",$323.00
BRONX,CASTLE HILL,80,40.818757,-73.848141,1,80,"2,022","2,025","9,759.0",4.83,"3,729","4,880",796,0.401,14,0,"$2,915.00",$485.00
MANHATTAN,CHELSEA,134,40.748547,-74.001228,0.580384940142857,134,425,425,"1,914.5",4.5,733,910,181,0.43,2,0,"$4,584.00",$583.00
MANHATTAN,CHELSEA ADDITION,176,40.749644,-74.001468,0.720671263666667,134,96,96,336.0,3.5,114,114,88,0.926,1,0,"$7,149.00",$337.00
BRONX,CLAREMONT PARKWAY-FRANKLIN AVENUE,334,40.835821,-73.901239,0.683754449577778,342,187,188,729.5,3.9,279,279,130,0.707,3,0,"$17,252.00",$403.00
BRONX,CLAREMONT REHAB (GROUP 2),307,40.831732,-73.911037,0.566333254173333,308,106,107,455.0,4.29,251,251,35,0.337,6,0,"$24,822.00",$457.00
BRONX,CLAREMONT REHAB (GROUP 3),308,40.829656,-73.913161,0.738434939935898,308,107,115,470.5,4.4,263,263,27,0.252,5,0,"$14,061.00",$495.00
BRONX,CLAREMONT REHAB (GROUP 4),335,40.830902,-73.912369,0.601093353188889,308,147,150,647.5,4.4,342,342,50,0.34,9,0,"$15,605.00",$464.00
MANHATTAN,DOUGLASS ADDITION,148,40.798351,-73.967697,0.713504947538462,82,135,135,667.5,4.94,337,337,50,0.37,1,0,"$5,667.00",$600.00
BRONX,CLAREMONT REHAB (GROUP 5),336,40.831086,-73.913799,0.602994867055555,308,129,135,560.5,4.34,304,304,40,0.31,3,0,"$14,555.00",$506.00
BRONX,CLASON POINT GARDENS,11,40.821018,-73.86937,0.778523502466667,280,401,401,"1,893.5",4.72,861,861,173,0.438,46,0,"$1,116.00",$612.00
MANHATTAN,CLINTON,123,40.793617,-73.946389,0.601781672242424,123,748,749,"3,523.0",4.71,"1,720","1,720",330,0.45,6,2,"$4,756.00",$529.00
BRONX,COLLEGE AVENUE-EAST 165TH STREET,236,40.829265,-73.915108,0.677621116986667,308,95,95,307.5,3.24,102,102,84,0.894,1,0,"$7,869.00",$288.00
BROOKLYN,CONEY ISLAND,94,40.572225,-73.996355,0.416103240333333,170,530,534,"2,426.0",4.58,"1,121","1,121",211,0.401,5,0,"$3,165.00",$599.00
BROOKLYN,CONEY ISLAND I (SITE 1B),239,40.57543,-73.987267,0.854045153857143,166,192,193,952.0,4.96,512,512,73,0.382,1,0,"$7,829.00",$552.00
BROOKLYN,CONEY ISLAND I (SITE 8),238,40.573536,-74.000924,0.539725561333333,172,124,125,626.0,5.05,361,361,37,0.306,1,0,"$9,255.00",$559.00
BROOKLYN,CONEY ISLAND I (SITES 4 & 5),216,40.574817,-73.993165,0.90006386775,170,376,376,"1,879.0",5,"1,029","1,029",103,0.279,1,1,"$8,808.00",$595.00
QUEENS,CONLON LIHFE TOWER,232,40.706249,-73.788444,0.761343390333334,91,214,216,701.0,3.28,240,240,192,0.91,1,0,"$7,973.00",$352.00
BROOKLYN,COOPER PARK,69,40.718074,-73.938449,0.487232801722222,69,700,700,"3,281.0",4.69,"1,554","1,554",301,0.434,11,0,"$2,346.00",$541.00
MANHATTAN,CORSI HOUSES,199,40.797103,-73.936907,0.691749536587302,64,171,171,512.5,3,186,186,144,0.867,1,0,"$11,882.00",$303.00
BROOKLYN,CROWN HEIGHTS,312,40.672159,-73.923442,0.637169404,351,121,121,527.5,4.36,241,241,33,0.275,8,0,"$15,118.00",$625.00
BROOKLYN,CYPRESS HILLS,70,40.670063,-73.872367,0.561025334611111,70,"1,439","1,444","6,588.5",4.58,"3,250","3,250",519,0.364,15,0,"$2,247.00",$517.00
BRONX,DAVIDSON,190,40.82737,-73.899212,0.6423326842,342,175,175,841.5,4.81,479,479,69,0.394,1,0,"$10,259.00",$544.00
MANHATTAN,DE HOSTOS APARTMENTS,155,40.79258,-73.972111,0.754499349645833,127,219,223,953.5,4.35,453,453,87,0.407,1,0,"$4,130.00",$532.00
MANHATTAN,DOUGLASS I,82,40.796793,-73.964392,0.669806458820513,82,"1,302","1,305","5,806.0",4.46,"2,651","2,651",543,0.42,11,0,"$3,933.00",$549.00
MANHATTAN,DOUGLASS II,582,40.797128,-73.966117,0.677106714435897,82,752,753,"3,463.0",4.61,"1,589","1,589",307,0.41,6,0,"$4,277.00",$589.00
MANHATTAN,DREW-HAMILTON,111,40.820513,-73.941992,0.822705073777778,111,"1,211","1,217","5,344.5",4.41,"2,169","2,800",474,0.4,5,0,"$4,687.00",$482.00
MANHATTAN,DYCKMAN,41,40.861147,-73.922678,0.591927658352941,41,"1,167","1,167","5,054.5",4.33,"2,270","2,270",532,0.459,7,1,"$2,812.00",$543.00
BRONX,EAGLE AVENUE-EAST 163RD STREET,224,40.823008,-73.908395,0.671842828296296,59,65,66,273.5,4.21,125,125,23,0.354,1,0,"$6,078.00",$472.00
BRONX,EAST 152ND STREET-COURTLANDT AVENUE,237,40.818535,-73.917748,0.855973439850575,28,221,221,913.5,4.13,382,382,144,0.652,2,0,"$8,330.00",$423.00
BRONX,EAST 165TH STREET-BRYANT AVENUE,304,40.824972,-73.888875,0.680705836361111,530,111,111,588.5,5.3,362,362,21,0.191,5,0,"$13,874.00",$729.00
BRONX,EAST 173RD STREET-VYSE AVENUE,338,40.833951,-73.888347,0.662080578688889,530,168,168,758.0,4.51,403,403,52,0.313,7,0,"$16,684.00",$562.00
BRONX,EAST 180TH STREET-MONTEREY AVENUE,208,40.850566,-73.892587,0.465223381555556,180,239,239,"1,052.5",4.4,531,531,88,0.373,1,1,"$8,221.00",$531.00
BROOKLYN,EAST NEW YORK CITY LINE,263,40.668417,-73.873664,0.719542721923077,70,66,66,409.0,6.2,258,258,19,0.292,33,0,"$6,784.00",$633.00
MANHATTAN,EAST RIVER,9,40.787529,-73.940057,0.589130590291667,9,"1,156","1,170","4,846.0",4.19,"2,284","2,284",470,0.417,10,1,"$1,086.00",$466.00
BRONX,EDENWALD,57,40.885809,-73.845144,0.548857479388889,57,"2,035","2,039","9,675.5",4.75,"4,852","4,852",596,0.297,40,2,"$2,359.00",$564.00
MANHATTAN,ELLIOTT,15,40.74929,-74.001854,0.701915260777778,134,606,608,"2,843.0",4.69,"1,355","1,355",223,0.383,4,0,"$1,808.00",$577.00
BROOKLYN,FARRAGUT,29,40.700054,-73.982215,0.576712040444444,29,"1,389","1,390","6,512.5",4.69,"3,185","3,185",537,0.388,10,0,"$2,324.00",$532.00
BROOKLYN,FENIMORE-LEFFERTS,205,40.660285,-73.942221,0.700449572928571,167,36,36,180.0,5,98,98,12,0.333,18,0,"$3,520.00",$741.00
,FHA REPOSSESSED HOUSES (GROUP I),209,40.685448,-73.768682,0,91,21,29,111.5,5.31,,35,,,26,,$6.56,$812.00
,FHA REPOSSESSED HOUSES (GROUP II),212,40.688097,-73.780156,1,91,10,14,54.0,5.4,,25,,,12,,$6.93,$920.00
,FHA REPOSSESSED HOUSES (GROUP VI),273,40.691943,-73.766008,0.0088994439999999,91,6,9,32.0,5.33,,11,,,7,,$7.32,$750.00
,FHA REPOSSESSED HOUSES (GROUP III),213,40.701352,-73.769363,0.626380548666667,91,11,13,60.5,5.5,,20,,,12,,$7.52,"$1,089.00"
,FHA REPOSSESSED HOUSES (GROUP IV),226,40.696861,-73.764495,1,91,10,13,59.0,5.9,,20,,,13,,$7.38,$943.00
,FHA REPOSSESSED HOUSES (GROUP IX),283,40.67814,-73.895093,0.692199305777778,91,16,40,79.0,4.94,,31,,,16,,$0.00,"$1,076.00"
,FHA REPOSSESSED HOUSES (GROUP V),260,40.692953,-73.773905,0.0189906076666667,91,29,36,153.5,5.29,,65,,,31,,$7.17,$833.00
,FHA REPOSSESSED HOUSES (GROUP VII),274,40.685193,-73.76648,0,91,5,8,29.5,5.9,,9,,,8,,$8.26,$929.00
,FHA REPOSSESSED HOUSES (GROUP VIII),275,40.692459,-73.765172,0.371514936333333,91,5,9,29.5,5.9,,16,,,9,,$8.57,"$1,249.00"
,FHA REPOSSESSED HOUSES (GROUP X),284,40.677651,-73.766413,1,91,16,21,87.0,5.44,,37,,,20,,$6.56,$713.00
BROOKLYN,FIORENTINO PLAZA,207,40.672861,-73.891642,0.634377324078431,261,158,160,787.0,4.98,443,443,31,0.197,8,0,"$7,712.00",$537.00
MANHATTAN,FIRST HOUSES,1,40.723735,-73.986183,0.633308367876543,337,126,126,448.0,3.56,178,178,56,0.471,8,0,"$3,653.00",$500.00
BRONX,FOREST,59,40.824733,-73.90374,0.8467901475,59,"1,348","1,350","6,154.0",4.57,"3,002","3,002",498,0.373,15,0,"$3,186.00",$526.00
BRONX,FORT INDEPENDENCE STREET-HEATH AVENUE,197,40.879544,-73.900189,0.482925901925926,197,342,344,"1,509.0",4.41,733,733,117,0.347,1,0,"$6,933.00",$544.00
BROOKLYN,HOWARD,72,40.67167,-73.909273,0.718417613244445,72,813,815,"3,699.5",4.55,"1,835","1,835",279,0.348,10,0,"$3,079.00",$504.00
MANHATTAN,FORT WASHINGTON AVENUE REHAB,309,40.839258,-73.944614,0.604182104222222,309,226,226,814.0,3.6,277,277,204,0.903,1,0,"$19,862.00",$327.00
MANHATTAN,FULTON,136,40.743582,-74.004542,0.665823692156863,136,944,944,"4,223.0",4.47,"2,166","2,166",374,0.399,11,1,"$4,866.00",$678.00
BROOKLYN,GARVEY (GROUP A),252,40.669919,-73.915222,0.654053328435897,252,320,321,"1,525.0",4.77,863,863,124,0.394,3,1,"$8,168.00",$563.00
BRONX,GLEBE AVENUE-WESTCHESTER AVENUE,225,40.835055,-73.850952,0.757653755454545,67,131,132,434.5,3.32,143,143,124,0.947,1,0,"$7,467.00",$324.00
BROOKLYN,GLENMORE PLAZA,171,40.671107,-73.906225,0.843063657196079,169,439,440,"1,701.5",3.88,823,823,189,0.441,4,0,"$6,221.00",$499.00
BROOKLYN,GLENWOOD,44,40.634948,-73.920863,0.852142248722222,44,"1,186","1,188","5,207.0",4.39,"2,512","2,512",404,0.344,20,0,"$2,475.00",$599.00
MANHATTAN,GOMPERS,100,40.718202,-73.981928,0.480196007019608,100,472,474,"2,193.0",4.65,"1,067","1,067",205,0.442,2,2,"$4,240.00",$556.00
BROOKLYN,GOWANUS,25,40.683448,-73.98855,0.454683146722222,25,"1,137","1,139","5,436.5",4.78,"2,669","2,669",455,0.404,15,1,"$2,203.00",$556.00
MANHATTAN,GRAMPION,281,40.806043,-73.952424,0.845925382363636,30,35,35,155.5,4.44,67,67,8,0.242,1,0,"$5,094.00",$522.00
MANHATTAN,GRANT,87,40.812734,-73.956947,0.914807211791667,87,"1,939","1,940","9,133.5",4.71,"4,282","4,282",741,0.39,9,1,"$3,150.00",$565.00
BROOKLYN,GRAVESEND,68,40.578977,-73.999342,0.937501508,172,627,634,"2,915.5",4.65,"1,463","1,463",217,0.351,15,0,"$2,687.00",$494.00
BRONX,GUN HILL,40,40.876046,-73.865832,0.48762643252381,40,732,733,"3,126.0",4.27,"1,470","1,470",283,0.391,6,0,"$2,784.00",$541.00
BROOKLYN,HOWARD AVENUE,339,40.667478,-73.919901,0.649947123403509,351,148,150,669.0,4.52,373,373,39,0.265,5,1,"$15,641.00",$663.00
BROOKLYN,HABER,142,40.572657,-73.991048,0.794740647388889,166,380,380,"1,327.0",3.49,442,442,347,0.928,3,0,"$5,647.00",$295.00
QUEENS,HAMMEL,75,40.588811,-73.809306,0.0384695113333332,75,710,712,"3,296.0",4.64,"1,790","1,790",212,0.302,14,0,"$2,909.00",$453.00
MANHATTAN,HARBORVIEW TERRACE,262,40.76851,-73.990824,0.712646376388889,22,377,377,"1,493.5",3.96,648,648,241,0.65,2,0,"$10,911.00",$522.00
MANHATTAN,HARLEM RIVER,3,40.826112,-73.93625,0.747345529277778,3,574,577,"2,231.0",3.89,"1,079","1,079",181,0.323,7,0,"$2,103.00",$548.00
MANHATTAN,HARLEM RIVER II,147,40.826804,-73.938466,0.530813681333333,3,116,116,515.0,4.44,272,272,40,0.36,1,0,"$5,059.00",$589.00
BRONX,HARRISON AVENUE REHAB (GROUP A),347,40.85351,-73.910368,0.616800509545455,341,34,34,146.0,4.29,75,75,11,0.324,1,0,"$16,225.00",$486.00
BRONX,HARRISON AVENUE REHAB (GROUP B),547,40.853358,-73.910842,0.583573680071429,341,150,150,664.0,4.43,326,326,60,0.403,4,0,"$15,150.00",$517.00
MANHATTAN,HERNANDEZ,184,40.722232,-73.989489,0.721480120404762,100,149,149,601.5,4.04,260,260,80,0.544,1,0,"$6,077.00",$524.00
BRONX,HIGHBRIDGE GARDENS,78,40.837029,-73.92942,0.646080928982456,78,700,700,"3,252.0",4.65,"1,601","1,601",256,0.372,6,0,"$2,321.00",$521.00
BRONX,HOE AVENUE-EAST 173RD STREET,215,40.836292,-73.886964,0.977395560454545,530,65,65,270.5,4.16,144,144,22,0.344,1,0,"$5,801.00",$505.00
MANHATTAN,HOLMES TOWERS,159,40.780712,-73.945414,0.70070842230303,139,536,537,"2,070.0",3.86,941,941,257,0.481,2,0,"$4,952.00",$511.00
BROOKLYN,LINDEN,95,40.657094,-73.884532,0.904890439777778,95,"1,586","1,586","7,311.0",4.61,"2,313","3,611",582,0.379,19,2,"$2,767.00",$563.00
BROOKLYN,HOWARD AVENUE-PARK PLACE,365,40.670549,-73.920375,0.950252839666667,351,155,156,776.5,5.01,449,449,28,0.182,8,0,"$20,286.00",$700.00
BROOKLYN,HUGHES APARTMENTS,168,40.667949,-73.908402,0.751849985435898,168,509,513,"2,421.5",4.76,"1,366","1,366",135,0.268,3,1,"$4,201.00",$585.00
BRONX,HUNTS POINT AVENUE REHAB,367,40.817966,-73.889037,0.897677786854167,530,131,131,605.5,4.62,314,314,35,0.273,13,0,"$21,933.00",$568.00
BROOKLYN,HYLAN,109,40.704334,-73.940057,0.592994028875,86,209,209,933.5,4.47,456,456,82,0.394,1,0,"$4,240.00",$573.00
BROOKLYN,INGERSOLL,14,40.695115,-73.979899,0.545794930583333,14,"1,830","1,840","8,698.0",4.75,"4,198","4,198",493,0.292,20,1,"$1,681.00",$577.00
QUEENS,INTERNATIONAL TOWER,316,40.70812,-73.790663,0.076925302,91,146,159,520.0,3.56,179,179,131,0.903,1,0,"$19,269.00",$383.00
MANHATTAN,ISAACS,139,40.781618,-73.945018,0.660727635121212,139,634,636,"2,638.0",4.16,"1,250","1,250",279,0.441,3,1,"$5,009.00",$556.00
BRONX,JACKSON,120,40.822333,-73.918256,0.629809427144927,267,868,868,"4,137.0",4.77,"2,203","2,203",289,0.338,7,1,"$3,590.00",$533.00
BROOKLYN,LONG ISLAND BAPTIST HOUSES,276,40.667455,-73.897301,0.836165046866667,261,229,232,"1,039.5",4.54,526,526,63,0.283,4,0,"$11,010.00",$540.00
MANHATTAN,JEFFERSON,64,40.795383,-73.938834,0.676508919735632,64,"1,486","1,493","6,945.0",4.67,"3,314","3,314",570,0.387,18,1,"$3,854.00",$565.00
MANHATTAN,JOHNSON,17,40.796934,-73.943004,0.61062251862963,17,"1,296","1,310","6,121.0",4.72,"3,076","3,076",488,0.382,10,0,"$2,337.00",$573.00
MANHATTAN,KING TOWERS,30,40.799695,-73.949178,0.721316192368421,30,"1,377","1,379","6,342.5",4.61,"3,013","3,013",511,0.375,10,0,"$3,135.00",$559.00
BROOKLYN,KINGSBOROUGH,10,40.675521,-73.92467,0.661920344818182,10,"1,154","1,165","4,711.0",4.08,"2,408","2,408",409,0.365,16,0,"$1,107.00",$504.00
BROOKLYN,KINGSBOROUGH EXTENSION,161,40.675085,-73.924312,0.526170342481481,10,182,184,637.0,3.5,203,203,168,0.928,1,0,"$4,637.00",$343.00
MANHATTAN,LA GUARDIA,76,40.712194,-73.987364,0.638049801933333,76,"1,091","1,094","5,097.5",4.67,"2,458","2,458",488,0.45,9,0,"$3,356.00",$585.00
MANHATTAN,LA GUARDIA ADDITION,152,40.711655,-73.988586,0.60969821069697,76,149,150,491.5,3.3,193,193,142,0.953,1,0,"$5,645.00",$297.00
BROOKLYN,LAFAYETTE,122,40.689789,-73.958656,0.751306054206349,122,882,882,"4,385.0",4.97,"2,422","2,422",286,0.327,7,0,"$3,350.00",$609.00
QUEENS,LATIMER GARDENS,186,40.765843,-73.830402,0.649593880666667,186,423,423,"1,708.5",4.04,792,792,217,0.513,4,0,"$5,442.00",$526.00
QUEENS,LEAVITT STREET-34TH AVENUE,201,40.766916,-73.828691,0.608091220083333,186,83,83,272.5,3.28,104,104,76,0.916,1,0,"$9,244.00",$309.00
MANHATTAN,LEHMAN VILLAGE,101,40.794754,-73.947685,0.620366711210526,101,617,622,"2,893.5",4.69,"1,477","1,477",237,0.385,4,1,"$3,959.00",$558.00
BROOKLYN,LENOX ROAD-ROCKAWAY PARKWAY,348,40.65942,-73.918182,0.73813516637037,167,74,74,327.0,4.42,166,166,18,0.243,3,0,"$14,281.00",$627.00
MANHATTAN,LEXINGTON,50,40.787477,-73.949742,0.775553807462963,62,448,448,"1,901.0",4.24,817,817,209,0.471,4,0,"$2,515.00",$548.00
MANHATTAN,LINCOLN,20,40.811043,-73.936792,0.857979438166667,20,"1,280","1,286","6,099.0",4.76,"2,986","2,986",429,0.339,14,0,"$2,358.00",$517.00
BRONX,LONGFELLOW AVENUE REHAB,362,40.826321,-73.887773,0.617686190253333,530,75,75,412.5,5.5,278,278,7,0.095,2,0,"$17,077.00",$666.00
BROOKLYN,LOW HOUSES,169,40.669532,-73.904734,0.731431389738095,169,534,536,"2,542.0",4.76,"1,358","1,358",156,0.297,4,0,"$4,052.00",$507.00
MANHATTAN,LOWER EAST SIDE I INFILL,326,40.721313,-73.990438,0.685933876871795,100,189,189,777.5,4.11,361,361,105,0.568,5,0,"$18,482.00",$512.00
MANHATTAN,LOWER EAST SIDE II,337,40.722967,-73.979331,0.862878424051282,337,188,188,848.0,4.51,433,433,74,0.4,4,1,"$17,346.00",$554.00
MANHATTAN,LOWER EAST SIDE III,364,40.724438,-73.976849,0.809623531361111,359,56,56,280.0,5,173,173,15,0.268,2,1,"$26,158.00",$705.00
MANHATTAN,LOWER EAST SIDE REHAB (GROUP 5),292,40.723869,-73.979416,0.78267814525,337,55,55,229.5,4.17,119,119,17,0.309,2,0,"$18,795.00",$643.00
MANHATTAN,MANHATTANVILLE,81,40.816806,-73.955406,0.735900554533333,81,"1,272","1,272","6,004.0",4.72,"2,405","2,981",494,0.395,6,0,"$4,306.00",$550.00
MANHATTAN,MANHATTANVILLE REHAB (GROUP 2),296,40.81877,-73.953384,0.540735215875,81,46,46,187.0,4.07,87,87,21,0.457,3,0,"$32,096.00",$599.00
MANHATTAN,MANHATTANVILLE REHAB (GROUP 3),297,40.818387,-73.954239,0.66859209537037,81,51,51,220.5,4.32,115,115,17,0.333,2,0,"$16,603.00",$453.00
BRONX,MARBLE HILL,49,40.87549,-73.907621,0.789968631311111,49,"1,680","1,682","7,112.0",4.23,"2,713","3,261",737,0.445,11,1,"$2,539.00",$517.00
BROOKLYN,MARCY,21,40.697605,-73.951326,0.553798676291667,21,"1,716","1,717","8,268.0",4.82,"4,147","4,147",607,0.358,27,1,"$2,347.00",$560.00
STATEN ISLAND,MARINER'S HARBOR,77,40.631847,-74.163491,0.636704551,77,606,607,"2,853.0",4.71,"1,515","1,515",146,0.243,22,0,"$2,826.00",$488.00
BRONX,PARKSIDE,47,40.868663,-73.869003,0.693670453595238,47,879,879,"3,712.5",4.22,"1,734","1,734",359,0.413,14,0,"$2,606.00",$506.00
BROOKLYN,MARLBORO,83,40.591872,-73.981003,0.726501541791667,83,"1,764","1,765","8,248.0",4.68,"3,251","4,112",671,0.387,28,2,"$2,783.00",$551.00
MANHATTAN,MARSHALL PLAZA,344,40.833303,-73.94211,0.722361713210526,3,180,180,630.0,3.5,207,207,154,0.89,1,0,"$19,419.00",$307.00
BRONX,MCKINLEY,103,40.822301,-73.904788,0.56331975575,59,615,619,"2,928.5",4.76,"1,441","1,441",220,0.358,5,1,"$3,535.00",$528.00
BRONX,MELROSE,28,40.820763,-73.919543,0.760010556942029,28,"1,021","1,023","4,854.5",4.75,"2,418","2,418",363,0.358,8,1,"$2,515.00",$486.00
MANHATTAN,MELTZER TOWER,183,40.723106,-73.987174,0.703548558813333,100,229,231,686.5,3,247,247,199,0.896,1,0,"$7,487.00",$290.00
MANHATTAN,METRO NORTH PLAZA,181,40.787192,-73.943161,0.537482628607843,112,271,275,"1,301.5",4.8,643,643,112,0.416,3,0,"$5,105.00",$574.00
BRONX,MIDDLETOWN PLAZA,191,40.844728,-73.829135,0.756365226333333,34,177,179,602.5,3.4,192,192,160,0.914,1,0,"$9,776.00",$313.00
BRONX,MILL BROOK,84,40.805368,-73.917973,0.810973950055556,84,"1,251","1,255","5,799.5",4.64,"2,814","2,814",484,0.392,9,0,"$3,898.00",$479.00
BRONX,MILL BROOK EXTENSION,132,40.804116,-73.915972,0.625790849411765,84,125,125,611.5,4.89,297,297,54,0.432,1,0,"$3,198.00",$462.00
BRONX,MITCHEL,145,40.809098,-73.925808,0.576849844511111,145,"1,732","1,732","7,554.0",4.36,"4,010","4,010",666,0.391,10,1,"$4,350.00",$534.00
BRONX,MONROE,88,40.822615,-73.865046,0.663021390619048,88,"1,100","1,102","5,299.0",4.82,"2,691","2,691",403,0.369,12,1,"$3,100.00",$526.00
BROOKLYN,"UNITY PLAZA (SITES 17,24,25A)",240,40.66824,-73.896779,0.793444457977778,261,167,167,768.5,4.6,471,471,41,0.247,3,0,"$6,699.00",$583.00
BRONX,MOORE,129,40.812868,-73.909992,0.6409816517,93,463,463,"2,165.5",4.68,"1,133","1,133",157,0.343,2,0,"$3,350.00",$520.00
BRONX,MORRIS I,102,40.834252,-73.905359,0.776777948823529,102,"1,083","1,085","5,237.5",4.84,"2,889","2,889",364,0.338,10,0,"$4,008.00",$499.00
BRONX,MORRIS II,502,40.836636,-73.903741,0.750119636066667,102,802,802,"3,765.0",4.69,"1,989","1,989",268,0.338,7,0,"$4,008.00",$507.00
MANHATTAN,MORRIS PARK SENIOR CITIZENS HOME,277,40.805498,-73.941592,0.812988840541667,241,97,97,296.5,3.06,103,103,83,0.865,1,0,"$6,337.00",$302.00
BRONX,MORRISANIA,130,40.832847,-73.906663,0.599540954982456,141,206,206,962.0,4.67,531,531,69,0.34,2,0,"$3,891.00",$449.00
BRONX,MORRISANIA AIR RIGHTS,267,40.824132,-73.91772,0.582321524194444,267,841,843,"3,788.5",4.5,"1,681","1,681",428,0.521,3,0,"$10,584.00",$473.00
BRONX,MOTT HAVEN,121,40.812127,-73.922001,0.646341040623188,121,992,993,"4,634.0",4.67,"2,542","2,542",313,0.317,8,1,"$4,456.00",$530.00
STATEN ISLAND,NEW LANE AREA,314,40.613028,-74.061544,0.692560159916667,35,276,277,996.0,3.61,348,348,244,0.891,1,0,"$18,493.00",$327.00
BROOKLYN,NOSTRAND,43,40.596527,-73.936802,0.812280482083333,36,"1,146","1,148","4,966.0",4.33,"2,327","2,327",463,0.41,16,1,"$2,779.00",$516.00
BROOKLYN,O'DWYER GARDENS,172,40.57379,-73.999359,0.880533210083334,172,570,573,"2,204.0",3.87,947,947,305,0.544,6,1,"$6,649.00",$525.00
QUEENS,OCEAN BAY APARTMENTS (OCEANSIDE),51,40.59362,-73.78604,0.915695506444444,165,417,418,"1,766.5",4.24,837,837,140,0.34,7,0,"$2,901.00",$548.00
BROOKLYN,OCEAN HILL-BROWNSVILLE,313,40.676116,-73.919633,0.575206648866667,351,125,125,540.5,4.32,304,304,16,0.131,5,0,"$14,942.00",$599.00
BROOKLYN,OCEAN HILL APARTMENTS,162,40.681028,-73.908366,0.706405135444444,162,238,238,"1,077.0",4.53,640,640,62,0.266,3,1,"$4,527.00",$684.00
MANHATTAN,"PARK AVENUE-EAST 122ND, 123RD STREETS",204,40.80304,-73.939229,0.521862122388889,241,90,90,419.0,4.66,205,205,37,0.42,2,1,"$5,017.00",$542.00
BROOKLYN,PARK ROCK REHAB,351,40.671674,-73.928472,0.7849803894,351,134,134,582.0,4.34,319,319,31,0.235,9,0,"$18,041.00",$679.00
BRONX,PATTERSON,24,40.8139,-73.923776,0.681617990426667,24,"1,789","1,791","8,508.5",4.76,"4,194","4,194",627,0.355,15,0,"$2,433.00",$519.00
BRONX,PELHAM PARKWAY,39,40.860562,-73.860946,0.396857337541667,39,"1,265","1,266","5,446.5",4.31,"2,472","2,472",528,0.422,23,0,"$2,806.00",$541.00
BROOKLYN,PENNSYLVANIA AVENUE-WORTMAN AVENUE,194,40.656598,-73.888025,0.724771065619048,194,336,336,"1,343.0",4,627,627,145,0.438,3,1,"$8,606.00",$462.00
BROOKLYN,PINK,89,40.667409,-73.865105,0.3630714022,89,"1,500","1,500","7,098.0",4.73,"3,651","3,651",471,0.317,22,2,"$2,835.00",$557.00
MANHATTAN,POLO GROUNDS TOWERS,149,40.830991,-73.937823,0.662118752166667,149,"1,614","1,614","7,682.0",4.76,"3,941","3,941",581,0.365,4,4,"$4,190.00",$545.00
QUEENS,POMONOK,53,40.7334,-73.812668,0.735205451333333,53,"2,069","2,071","8,838.5",4.27,"4,219","4,219",839,0.409,35,0,"$2,446.00",$563.00
MANHATTAN,PUBLIC SCHOOL 139 (CONVERSION),340,40.817474,-73.939993,0.570730757766667,111,125,125,423.5,3.39,140,140,100,0.813,1,0,"$18,348.00",$393.00
QUEENS,QUEENSBRIDGE NORTH,505,40.755885,-73.944253,0,505,"1,542","1,543","6,337.0",4.11,"3,129","3,129",582,0.382,13,1,"$1,010.00",$556.00
QUEENS,QUEENSBRIDGE SOUTH,5,40.75513,-73.946657,0,5,"1,603","1,604","6,625.5",4.13,"3,284","3,284",610,0.387,13,2,"$1,057.00",$521.00
BROOKLYN,RALPH AVENUE REHAB,352,40.666224,-73.923023,0.758101674066667,167,118,118,529.0,4.48,284,284,26,0.22,5,0,"$12,693.00",$574.00
BRONX,RANDALL AVENUE-BALCOM AVENUE,245,40.822076,-73.828127,0,63,251,252,823.5,3.28,276,276,217,0.886,3,0,"$10,757.00",$354.00
BRONX,SOUNDVIEW,71,40.816913,-73.867576,0.718056364083333,71,"1,258","1,259","5,863.0",4.66,"2,901","2,901",493,0.396,13,2,"$2,308.00",$500.00
MANHATTAN,RANGEL,37,40.83321,-73.936474,0.519810907533333,37,982,984,"4,515.0",4.6,"2,141","2,141",339,0.357,8,0,"$2,373.00",$573.00
QUEENS,RAVENSWOOD,48,40.761277,-73.935457,0.848090875595238,48,"2,164","2,166","9,134.0",4.22,"4,278","4,278",871,0.406,31,0,"$2,342.00",$588.00
BROOKLYN,RED HOOK EAST,4,40.675234,-74.004274,0.797546114466667,4,"1,404","1,411","5,888.0",4.19,"2,832","2,832",540,0.396,16,3,,$525.00
BROOKLYN,RED HOOK WEST,79,40.675936,-74.00819,0.945743749666667,79,"1,471","1,480","6,320.5",4.3,"3,165","3,165",528,0.369,14,1,,$532.00
QUEENS,REDFERN,55,40.610173,-73.751745,0,55,599,604,"2,908.5",4.86,"1,573","1,573",185,0.315,9,0,"$3,186.00",$506.00
QUEENS,REHAB PROGRAM (COLLEGE POINT),143,40.78043,-73.843012,0.954242615833333,186,13,13,32.5,2.5,13,13,12,0.923,1,0,"$4,821.00",$235.00
MANHATTAN,REHAB PROGRAM (DOUGLASS REHABS),515,40.79931,-73.969269,0.7137210715,359,112,112,413.0,3.69,182,182,43,0.384,4,0,,$543.00
MANHATTAN,REHAB PROGRAM (TAFT REHABS),516,40.803231,-73.952147,0.812168339785714,359,156,156,602.0,3.86,290,290,44,0.284,4,0,,$540.00
MANHATTAN,REHAB PROGRAM (WISE REHAB),517,40.790867,-73.96743,0.643495448555556,127,40,40,159.0,3.98,67,67,18,0.45,1,0,,$628.00
BROOKLYN,REID APARTMENTS,167,40.661989,-73.938367,0.768494130833333,167,227,230,681.5,3,235,235,206,0.92,1,0,"$5,227.00",$318.00
BRONX,SAINT MARY'S PARK,93,40.816484,-73.908757,0.592763824213333,93,"1,005","1,007","4,523.5",4.5,"1,760","2,299",344,0.347,6,0,"$3,607.00",$512.00
MANHATTAN,SAINT NICHOLAS,38,40.812114,-73.947946,0.659949261166667,38,"1,525","1,526","7,109.5",4.66,"3,426","3,426",533,0.358,13,0,"$2,891.00",$529.00
BROOKLYN,SURFSIDE GARDENS,170,40.575049,-73.998543,0.9362235472,170,594,600,"2,550.0",4.29,"1,141","1,141",358,0.617,5,0,"$5,261.00",$450.00
STATEN ISLAND,RICHMOND TERRACE,117,40.645356,-74.087154,0.489443127666667,117,488,489,"2,308.0",4.73,"1,269","1,269",137,0.284,6,1,"$4,129.00",$530.00
MANHATTAN,RIIS,18,40.72489,-73.974001,0.769291277444444,18,"1,191","1,191","5,666.5",4.76,"2,715","2,715",464,0.398,13,0,"$2,411.00",$595.00
MANHATTAN,RIIS II,19,40.72274,-73.975456,0.711523977266667,18,577,578,"2,720.5",4.71,"1,271","1,271",244,0.426,6,0,"$2,344.00",$542.00
MANHATTAN,ROBBINS PLAZA,218,40.766827,-73.95716,0.797530053393939,139,150,150,470.0,3.13,160,160,136,0.919,1,0,"$9,568.00",$340.00
MANHATTAN,ROBINSON,241,40.806871,-73.936424,0.749409133416667,241,188,189,834.0,4.44,421,421,70,0.376,1,0,"$7,068.00",$565.00
BROOKLYN,ROOSEVELT I,135,40.69327,-73.937225,0.823597953318182,135,761,763,"3,575.5",4.7,"1,814","1,814",323,0.428,6,0,"$3,914.00",$526.00
BROOKLYN,ROOSEVELT II,177,40.694332,-73.935585,0.590164665362319,135,342,342,"1,496.0",4.37,727,727,139,0.41,3,0,"$4,312.00",$538.00
MANHATTAN,RUTGERS,99,40.711866,-73.991087,0.823936122833333,99,721,721,"3,358.5",4.66,"1,325","1,585",343,0.48,5,0,"$4,277.00",$544.00
BROOKLYN,RUTLAND TOWERS,282,40.66187,-73.92817,0.609850244174603,167,60,61,218.0,3.63,100,100,29,0.492,1,0,"$6,727.00",$502.00
BRONX,SACK WERN,280,40.81978,-73.866388,0.827860816555556,280,411,413,"1,891.5",4.6,864,864,166,0.409,7,1,"$4,528.00",$573.00
MANHATTAN,SAMUEL (CITY),377,40.819993,-73.938665,0.820632846611111,377,664,664,"2,824.0",4.25,"1,171","1,412",173,0.265,40,2,,$660.00
MANHATTAN,SAMUEL (MHOP) I,389,40.818053,-73.940988,0.748822596407407,359,24,53,108.0,4.5,38,38,10,0.417,5,0,"$19,661.00",$800.00
MANHATTAN,SAMUEL (MHOP) II,398,40.816849,-73.940067,0.578863190138889,359,4,10,20.0,5,12,12,0,0,1,0,"$20,160.00","$1,036.00"
MANHATTAN,SAMUEL (MHOP) III,399,40.819558,-73.939507,0.669334840458333,359,1,10,4.5,4.5,3,3,0,0,1,0,"$20,159.00","$1,431.00"
BROOKLYN,SARATOGA VILLAGE,158,40.685903,-73.91713,0.708311833625,162,125,125,562.5,4.5,298,298,42,0.336,1,0,"$4,147.00",$613.00
BRONX,SEDGWICK,45,40.846603,-73.922526,0.788429309895833,45,783,786,"3,316.5",4.24,"1,457","1,457",341,0.439,7,0,"$2,529.00",$491.00
MANHATTAN,SEWARD PARK EXTENSION,192,40.716956,-73.986875,0.704814421196078,100,360,360,"1,591.0",4.42,796,796,146,0.412,2,2,"$7,394.00",$511.00
BROOKLYN,SHEEPSHEAD BAY,36,40.59622,-73.939625,0.588506733458333,36,"1,054","1,056","4,911.0",4.66,"2,383","2,383",371,0.354,18,0,"$2,573.00",$542.00
QUEENS,SHELTON HOUSE,279,40.706511,-73.798668,1,91,153,155,475.5,3.11,164,164,138,0.92,1,0,"$7,061.00",$325.00
MANHATTAN,SMITH,27,40.710346,-73.998693,0.756397940212121,27,"1,934","1,935","8,988.0",4.65,"4,126","4,126",923,0.481,12,0,"$3,270.00",$551.00
BRONX,SOTOMAYOR HOUSES,67,40.826465,-73.866993,0.577127975,67,"1,495","1,497","6,963.5",4.66,"3,286","3,286",567,0.384,28,3,"$2,564.00",$542.00
STATEN ISLAND,SOUTH BEACH,35,40.595336,-74.079298,0,35,421,422,"1,936.5",4.6,891,891,183,0.441,8,0,"$2,795.00",$479.00
BRONX,SOUTH BRONX AREA (SITE 402),305,40.82115,-73.908308,0.673735820101449,342,112,114,592.0,5.29,383,383,18,0.162,4,0,"$14,764.00",$636.00
QUEENS,SOUTH JAMAICA I,8,40.695853,-73.794733,0.910478300111111,8,448,448,"1,797.0",4.01,841,841,144,0.339,11,1,"$1,182.00",$515.00
QUEENS,SOUTH JAMAICA II,66,40.695095,-73.793662,0.568100801055556,8,598,600,"2,811.0",4.7,"1,449","1,449",166,0.283,16,0,"$3,030.00",$592.00
MANHATTAN,STANTON STREET,559,40.71974,-73.983575,0.748439006958333,359,13,13,66.5,5.12,35,35,2,0.154,1,0,"$68,595.00",$468.00
STATEN ISLAND,STAPLETON,114,40.622434,-74.081279,0.821260020041667,114,693,693,"3,358.5",4.85,"1,711","2,066",202,0.306,6,1,"$3,654.00",$521.00
BRONX,STEBBINS AVENUE-HEWITT PLACE,353,40.819429,-73.899373,0.58309735076,342,119,120,535.5,4.5,274,274,37,0.311,2,0,"$16,391.00",$648.00
BROOKLYN,STERLING PLACE REHABS (SAINT JOHNS-STERLING),366,40.670952,-73.928378,0.675807515285714,351,83,83,440.5,5.31,275,275,12,0.146,5,0,"$20,640.00",$709.00
BROOKLYN,STERLING PLACE REHABS (STERLING-BUFFALO),368,40.67109,-73.926977,0.654517104333333,351,125,125,593.5,4.75,329,329,25,0.202,7,0,"$20,616.00",$614.00
MANHATTAN,STRAUS,153,40.741026,-73.979643,0.796794242309524,153,267,267,"1,162.5",4.35,550,550,127,0.481,2,0,"$4,674.00",$564.00
BROOKLYN,STUYVESANT GARDENS I,221,40.688252,-73.933165,0.649401087491228,221,329,331,"1,614.5",4.91,828,828,96,0.293,5,0,"$6,212.00",$626.00
BROOKLYN,STUYVESANT GARDENS II,333,40.688289,-73.930688,0.595372755611111,221,150,150,525.0,3.5,166,166,135,0.912,1,0,"$19,032.00",$396.00
BROOKLYN,SUMNER,73,40.697446,-73.940512,0.723137609226667,73,"1,098","1,099","5,007.0",4.56,"2,288","2,288",470,0.432,13,0,"$3,608.00",$528.00
BROOKLYN,SUTTER AVENUE-UNION STREET,369,40.666031,-73.921365,0.634465430031746,167,100,100,467.0,4.67,254,254,19,0.192,3,0,"$20,064.00",$678.00
MANHATTAN,TAFT,97,40.798383,-73.946052,0.734598281348485,97,"1,463","1,470","6,597.5",4.51,"3,074","3,074",588,0.407,9,1,"$4,367.00",$539.00
BROOKLYN,TAPSCOTT STREET REHAB,354,40.663468,-73.919661,0.818124396974359,167,155,155,687.5,4.44,349,349,39,0.255,8,0,"$14,721.00",$532.00
BROOKLYN,TAYLOR STREET-WYTHE AVENUE,234,40.704255,-73.964911,0.646166220307692,234,525,525,"2,465.5",4.7,"1,226","1,226",227,0.438,5,1,"$8,118.00",$477.00
BRONX,TELLER AVENUE-EAST 166TH STREET,223,40.830032,-73.912611,0.700601618095238,308,90,90,352.0,3.91,185,185,41,0.461,1,0,"$6,363.00",$463.00
MANHATTAN,THOMAS APARTMENTS,268,40.789705,-73.970438,0.864133944722222,127,87,87,304.5,3.5,96,96,75,0.872,1,0,"$36,744.00",$375.00
BRONX,THROGGS NECK,63,40.821679,-73.823772,0,63,"1,182","1,185","5,423.0",4.59,"2,648","2,648",407,0.349,29,2,"$2,859.00",$540.00
BRONX,THROGGS NECK ADDITION,193,40.821997,-73.825914,0,63,287,287,"1,330.5",4.64,692,692,112,0.4,4,0,"$5,523.00",$542.00
BROOKLYN,TILDEN,96,40.663584,-73.907298,0.570909384384615,96,998,998,"4,750.0",4.76,"2,556","2,556",326,0.332,8,1,"$3,122.00",$492.00
STATEN ISLAND,TODT HILL,42,40.60765,-74.119651,1,42,502,502,"2,174.0",4.33,"1,005","1,005",190,0.384,7,0,"$2,994.00",$579.00
BROOKLYN,TOMPKINS,131,40.696959,-73.945148,0.624412867648148,131,"1,045","1,046","5,218.5",4.99,"2,818","2,818",352,0.34,8,1,"$3,532.00",$572.00
BRONX,TWIN PARKS EAST (SITE 9),287,40.846991,-73.887592,0.623568105947368,180,219,219,689.5,3.15,231,231,189,0.875,1,0,"$16,520.00",$296.00
MANHATTAN,TWO BRIDGES URA (SITE 7),266,40.710882,-73.986213,0.572844008291667,76,250,250,"1,251.0",5,622,622,107,0.428,1,0,"$8,414.00",$650.00
BRONX,UNION AVENUE-EAST 163RD STREET,342,40.823261,-73.901249,0.572451568701754,342,199,200,696.5,3.5,229,229,172,0.882,1,0,"$18,107.00",$325.00
BRONX,UNION AVENUE-EAST 166TH STREET,356,40.826482,-73.89957,0.659319754515151,342,120,120,539.0,4.49,280,280,38,0.322,6,0,"$17,142.00",$556.00
BROOKLYN,UNITY PLAZA (SITES 4-27),261,40.666711,-73.897595,0.827369034166667,261,460,462,"2,141.0",4.65,"1,133","1,133",130,0.288,5,0,"$7,813.00",$557.00
BRONX,UNIVERSITY AVENUE REHAB,341,40.8529,-73.913511,0.819034763285714,341,230,230,"1,034.0",4.5,519,519,93,0.404,4,0,"$15,377.00",$529.00
MANHATTAN,UPACA (SITE 5),343,40.801759,-73.940133,0.768789802208333,241,179,200,626.5,3.5,204,204,147,0.84,1,0,"$19,099.00",$312.00
MANHATTAN,UPACA (SITE 6),355,40.801145,-73.94047,0.729708519259259,241,150,150,525.0,3.5,173,173,132,0.904,1,0,"$19,506.00",$313.00
BROOKLYN,VAN DYKE I,61,40.665695,-73.904409,0.5489024575,61,"1,603","1,603","7,402.5",4.62,"3,855","3,855",469,0.297,22,1,"$2,884.00",$546.00
BROOKLYN,VAN DYKE II,146,40.664539,-73.903167,0.506309050444444,182,111,112,413.5,3.73,128,128,104,0.945,1,0,"$5,546.00",$334.00
BROOKLYN,VANDALIA AVENUE,315,40.650132,-73.887085,0.4557047175,194,288,293,"1,036.0",3.6,333,333,262,0.91,2,1,"$19,480.00",$376.00
MANHATTAN,VLADECK,6,40.712519,-73.982251,0.51398645747619,6,"1,527","1,531","6,248.5",4.09,"2,894","2,894",711,0.471,20,0,"$1,276.00",$514.00
MANHATTAN,VLADECK II,7,40.712936,-73.980259,0.778252677333333,6,240,240,"1,080.0",4.5,545,545,93,0.392,4,0,"$1,175.00",$545.00
MANHATTAN,WAGNER,74,40.799684,-73.932101,0.522496426294118,74,"2,151","2,162","10,068.5",4.68,"4,814","4,814",875,0.409,22,1,"$3,238.00",$536.00
MANHATTAN,WALD,23,40.72069,-73.976385,0.803597702433333,23,"1,861","1,861","8,767.5",4.71,"3,985","3,985",785,0.425,16,2,"$2,561.00",$564.00
MANHATTAN,WASHINGTON,62,40.787509,-73.9462,0.738620388833333,62,"1,515","1,515","7,053.5",4.66,"3,416","3,416",590,0.394,14,1,"$3,357.00",$563.00
MANHATTAN,WASHINGTON HEIGHTS REHAB (GROUPS 1&2),293,40.845641,-73.933531,0.766386861439394,309,215,216,915.5,4.26,406,406,103,0.488,5,0,"$24,631.00",$484.00
MANHATTAN,WASHINGTON HEIGHTS REHAB PHASE III (FORT WASHINGTON),523,40.837139,-73.938211,0.672062141392157,309,88,88,391.0,4.44,174,174,31,0.36,7,0,"$15,823.00",$536.00
MANHATTAN,WASHINGTON HEIGHTS REHAB PHASE III (HARLEM RIVER),329,40.833233,-73.944264,0.748337756904762,3,14,14,63.0,4.5,30,30,5,0.357,1,0,"$15,821.00",$513.00
MANHATTAN,WASHINGTON HEIGHTS REHAB PHASE IV (C),330,40.845278,-73.933764,0.881227977968254,309,32,32,129.0,4.03,67,67,16,0.516,2,0,"$23,660.00",$478.00
MANHATTAN,WASHINGTON HEIGHTS REHAB PHASE IV (D),331,40.845092,-73.934264,0.873407020666667,309,32,32,132.0,4.13,60,60,15,0.469,2,0,"$22,783.00",$508.00
BRONX,WEBSTER,141,40.83289,-73.90843,0.503459918902778,141,606,606,"2,831.0",4.67,"1,562","1,562",223,0.372,5,1,"$4,319.00",$503.00
STATEN ISLAND,WEST BRIGHTON I,116,40.635923,-74.118815,0.381867047555555,116,487,490,"2,338.5",4.8,"1,377","1,377",135,0.278,8,1,"$4,204.00",$543.00
STATEN ISLAND,WEST BRIGHTON II,175,40.634927,-74.118927,0.994537370583333,116,120,144,382.0,3.18,99,99,74,0.892,8,0,"$6,036.00",$339.00
BRONX,WEST FARMS ROAD REHAB,360,40.827903,-73.88856,0.804062043647059,530,208,208,883.0,4.25,437,437,68,0.33,4,0,"$16,399.00",$570.00
BRONX,WEST FARMS SQUARE CONVENTIONAL,526,40.827508,-73.888252,0.693731523018518,530,20,20,85.0,4.25,50,50,2,0.1,1,0,"$18,339.00",$576.00
BRONX,WEST TREMONT AVENUE-SEDGWICK AVENUE AREA,246,40.852468,-73.918218,0.643325511363636,45,148,148,485.0,3.28,159,159,130,0.897,1,0,"$8,734.00",$272.00
MANHATTAN,WHITE,124,40.789811,-73.943951,0.799300698280702,112,246,248,733.0,2.98,270,270,220,0.898,1,0,"$5,794.00",$304.00
BROOKLYN,WHITMAN,514,40.694529,-73.975054,0.693033222518519,514,"1,651","1,659","7,833.5",4.74,"3,866","3,866",554,0.342,15,3,"$1,655.00",$556.00
BROOKLYN,WILLIAMSBURG,2,40.709859,-73.943431,0.725356175033333,2,"1,627","1,630","6,528.5",4.01,"3,025","3,025",770,0.483,20,1,"$2,266.00",$512.00
MANHATTAN,WILSON,112,40.788765,-73.939136,0.631499171777778,112,398,398,"2,225.0",5.59,"1,250","1,250",104,0.267,3,0,"$3,219.00",$645.00
MANHATTAN,WISE TOWERS,127,40.789965,-73.971488,0.85069457325641,127,397,399,"1,739.5",4.38,523,750,168,0.438,2,1,"$4,441.00",$555.00
QUEENS,WOODSIDE,33,40.755625,-73.909942,1,33,"1,355","1,357","6,321.5",4.67,"2,858","2,858",537,0.402,20,0,"$2,251.00",$594.00
BROOKLYN,WOODSON,182,40.66474,-73.902255,0.551348978444444,182,407,407,"1,419.5",3.49,449,449,359,0.886,2,0,"$5,785.00",$342.00
MANHATTAN,WSUR (BROWNSTONES),178,40.789438,-73.96906,0.823626223444444,127,236,236,784.0,3.32,329,329,103,0.45,36,0,"$4,936.00",$501.00
MANHATTAN,WSUR (SITE A) 120 WEST 94TH STREET,151,40.791869,-73.969827,0.697247441755556,127,69,70,300.5,4.36,145,145,19,0.275,1,0,,$671.00
MANHATTAN,WSUR (SITE B) 74 WEST 92ND STREET,173,40.789836,-73.969265,0.722491403923077,127,168,168,735.0,4.38,318,318,77,0.475,1,0,"$4,167.00",$512.00
MANHATTAN,WSUR (SITE C) 589 AMSTERDAM AVENUE,174,40.789124,-73.97349,0.713508428333333,127,158,158,690.0,4.37,348,348,61,0.396,1,0,,$558.00
BROOKLYN,WYCKOFF GARDENS,163,40.682542,-73.983819,0.622251569974359,163,528,529,"2,434.0",4.61,"1,131","1,131",231,0.446,3,0,"$4,149.00",$584.00